{
    "accuracy": 0.95,
    "roc_auc": 0.9876314241129672,
    "classification_report": {
        "0": {
            "precision": 0.9772727272727273,
            "recall": 0.9602977667493796,
            "f1-score": 0.9687108886107635,
            "support": 806.0
        },
        "1": {
            "precision": 0.8461538461538461,
            "recall": 0.9072164948453608,
            "f1-score": 0.8756218905472637,
            "support": 194.0
        },
        "accuracy": 0.95,
        "macro avg": {
            "precision": 0.9117132867132867,
            "recall": 0.9337571307973702,
            "f1-score": 0.9221663895790135,
            "support": 1000.0
        },
        "weighted avg": {
            "precision": 0.9518356643356645,
            "recall": 0.95,
            "f1-score": 0.9506516229864447,
            "support": 1000.0
        }
    }
}